<?xml version="1.0" encoding="UTF-8"?>
<!DOCTYPE hibernate-configuration PUBLIC "-//Hibernate/Hibernate Configuration DTD 3.0//EN" "http://hibernate.sourceforge.net/hibernate-configuration-3.0.dtd">
<hibernate-configuration>
  <session-factory>
    <!-- Database connection settings -->
    <property name="hibernate.connection.driver_class">com.mysql.jdbc.Driver</property>
    <property name="hibernate.connection.url">jdbc:mysql://127.0.0.1:3306/register</property>
    <property name="hibernate.connection.username">root</property>
    <property name="hibernate.connection.password">root</property>
    <!-- SQL dialect -->
    <property name="hibernate.dialect">org.hibernate.dialect.MySQLDialect</property>
    <!-- Echo all executed SQL to stdout -->
    <property name="show_sql">true</property>
    <property name="current_session_context_class">thread</property>
    <!-- Mapping Classes -->
    <mapping resource="com/paradoxbytes/sr/to/Course.hbm.xml"/>
    <mapping resource="com/paradoxbytes/sr/to/Student.hbm.xml"/>
    <mapping resource="com/paradoxbytes/sr/to/StudentCourses.hbm.xml"/>
  </session-factory>
</hibernate-configuration>
