<?xml version="1.0" encoding="UTF-8"?>


<beans:beans xmlns="http://www.springframework.org/schema/security"
    xmlns:beans="http://www.springframework.org/schema/beans"
    xmlns:xsi="http://www.w3.org/2001/XMLSchema-instance"
    xsi:schemaLocation="http://www.springframework.org/schema/beans http://www.springframework.org/schema/beans/spring-beans-3.0.xsd
                        http://www.springframework.org/schema/security http://www.springframework.org/schema/security/spring-security-3.0.xsd">


    <global-method-security pre-post-annotations="enabled">
        <!-- AspectJ pointcut expression that locates our "post" method and applies security that way
        <protect-pointcut expression="execution(* bigbank.*Service.post*(..))" access="ROLE_TELLER"/>
        -->
    </global-method-security>


    <http auto-config='true'>

         <!-- Don't set any role restrictions on login.jsp -->
        
        <intercept-url pattern="/index.htm" access="ROLE_AUTHORIZED, ROLE_ADMIN"/>
        <intercept-url pattern="/login.jsp" access="IS_AUTHENTICATED_ANONYMOUSLY" />
        <intercept-url pattern="/LoginController.do" access="IS_AUTHENTICATED_ANONYMOUSLY" />
        <intercept-url pattern="/LogoutController.do" access="IS_AUTHENTICATED_ANONYMOUSLY" />

<!--
        <form-login login-page="/login.jsp" authentication-failure-url="/login.jsp?login_error=1"
         default-target-url="/index.htm" always-use-default-target="false"/>
-->
        <form-login login-page="/login.jsp" authentication-failure-url="/login.jsp?login_error=1"
         default-target-url="/LoginController.do" always-use-default-target="false"/>



        <logout invalidate-session="true" logout-url="/logout.htm"
                        logout-success-url="/login.jsp?loggedout=true" />




        


        <session-management invalid-session-url="/login.jsp">
            <concurrency-control max-sessions="1" error-if-maximum-exceeded="true" />
        </session-management>



    </http>
<!--

 <ldap-server url="ldap://officebox:389/dc=example,dc=com" ldif="C:/ldif/users.ldif" />

<authentication-manager>

    <ldap-authentication-provider
        group-search-filter="uniqueMember={0}"
        group-search-base="ou=groups"
        user-search-base="ou=people"
        user-search-filter="uid={0}"

    />
</authentication-manager>

-->


    <authentication-manager>

        <authentication-provider>
            <user-service>
                <user name="Admin" password="adminadmin" authorities="ROLE_ADMIN" />
                <user name="JDoe1" password="1" authorities="ROLE_ADMIN" />
                <user name="JInfante2" password="2" authorities="ROLE_ADMIN" />
                <user name="JWhitt3" password="3" authorities="ROLE_ADMIN" />
            </user-service>
        </authentication-provider>

    </authentication-manager>





</beans:beans>