<?xml version="1.0" encoding="UTF-8"?>
<!DOCTYPE hibernate-mapping PUBLIC "-//Hibernate/Hibernate Mapping DTD 3.0//EN" "http://hibernate.sourceforge.net/hibernate-mapping-3.0.dtd">
<hibernate-mapping>
  <class name="com.paradoxbytes.sr.to.Course" table="courses">
    <id column="course_id" name="courseId">
      <generator class="increment"/>
    </id>
    <property column="course_name" name="courseName"/>
    <property name="description"/>
    <set inverse="true" name="students" table="student_courses">
      <key column="course_id"/>
      <many-to-many class="com.paradoxbytes.sr.to.Student" column="student_id"/>
    </set>
  </class>
</hibernate-mapping>
