<?xml version="1.0" encoding="UTF-8"?>
<!DOCTYPE hibernate-mapping PUBLIC "-//Hibernate/Hibernate Mapping DTD 3.0//EN" "http://hibernate.sourceforge.net/hibernate-mapping-3.0.dtd">
<hibernate-mapping>
  <class name="com.paradoxbytes.sr.to.Student" table="students">
    <id column="student_id" name="studentId">
      <generator class="increment"/>
    </id>
    <property column="first_name" name="firstName"/>
    <property column="last_name" name="lastName"/>
    <property name="address"/>
    <set name="courses" table="student_courses">
      <key column="student_id"/>
      <many-to-many class="com.paradoxbytes.sr.to.Course" column="course_id"/>
    </set>
  </class>
</hibernate-mapping>
